,PA,MPA,MIOU,JACCARD,DICE
2644,0.7654180526733398,0.7643332127195405,0.6153418252583879,0.6224813267386258,0.7610245370262068
