,PA,MPA,MIOU,JACCARD,DICE
2878,0.6786079406738281,0.6790962426483579,0.5129665487967492,0.5142703593152914,0.6779280884842147
