,PA,MPA,MIOU,JACCARD,DICE
3357,0.7534112930297852,0.733761187031966,0.5853672865931654,0.5944668999230495,0.7344937278396393
