,PA,MPA,MIOU,JACCARD,DICE
3462,0.7531118392944336,0.7357940883930831,0.5854557894507066,0.609276745598382,0.7346648478356677
