,PA,MPA,MIOU,JACCARD,DICE
3788,0.8157644271850586,0.8407134270213275,0.6856617664401631,0.6938105502685644,0.8131033212057002
