,PA,MPA,MIOU,JACCARD,DICE
4094,0.6448745727539062,0.6162131700298515,0.4472695764104775,0.494665080472361,0.6075755184620308
