,PA,MPA,MIOU,JACCARD,DICE
49,0.8748464584350586,0.6429301412477779,0.5697721362633315,0.7799796723411586,0.6779747985107258
