,PA,MPA,MIOU,JACCARD,DICE
834,0.8474893569946289,0.7072612591826204,0.6134895202039472,0.7355510818721882,0.7376127103876884
