,PA,MPA,MIOU,JACCARD,DICE
865,0.7569046020507812,0.6285036395295387,0.5053291785182243,0.6029804718425575,0.6406567510557655
