,PA,MPA,MIOU,JACCARD,DICE
cju17x0j4nfc10993y31pvlgs,0.9500111831804965,0.9608291565198475,0.8909155923029535,0.9071199320543473,0.9418636877590463
