,PA,MPA,MIOU,JACCARD,DICE
cju17otoe119u0799nqcbl8n1,0.944741694286393,0.944970822756839,0.8897850557462184,0.895934611056451,0.9414993880076608
