,PA,MPA,MIOU,JACCARD,DICE
BRATS_059_0083,0.9873958333333334,0.8573351485273322,0.8436305903904157,0.9752142370084148,0.9085825566434395
