,PA,MPA,MIOU,JACCARD,DICE
BRATS_147_0093,0.99421875,0.9103512615991334,0.8987513454815343,0.9885942010474728,0.9440144966633754
