,PA,MPA,MIOU,JACCARD,DICE
BRATS_129_0085,0.9809027777777778,0.9743712760807979,0.8920995475904646,0.9650556562446342,0.9407248805992718
