,PA,MPA,MIOU,JACCARD,DICE
BRATS_076_0087,0.9732118055555555,0.961070612522819,0.8371059962702561,0.9534334915370765,0.9054823808321346
