,PA,MPA,MIOU,JACCARD,DICE
BRATS_061_0089,0.9910590277777778,0.8819890009165903,0.8773852786059686,0.9822003790621517,0.9307869990685433
