,PA,MPA,MIOU,JACCARD,DICE
BRATS_149_0085,0.9890277777777777,0.9069094110367975,0.8733846957107934,0.9789365762668722,0.9283576399085165
