,PA,MPA,MIOU,JACCARD,DICE
BRATS_039_0059,0.9902777777777778,0.8859817032491304,0.8533159699103178,0.9813550317192484,0.9149485371148384
