,PA,MPA,MIOU,JACCARD,DICE
BRATS_036_0095,0.9869791666666666,0.9451761069761417,0.8875231314896679,0.9756218294598797,0.9374997739430482
