,PA,MPA,MIOU,JACCARD,DICE
BRATS_047_0084,0.9621180555555555,0.8471032791251033,0.7515894671590546,0.9340885171323018,0.8417296073489107
