,PA,MPA,MIOU,JACCARD,DICE
BRATS_042_0124,0.9981770833333333,0.9746323349760673,0.9486412091540365,0.9964538057877796,0.9729809263433113
