,PA,MPA,MIOU,JACCARD,DICE
BRATS_093_0071,0.9842013888888889,0.9763832464846123,0.9036135785178872,0.9707793752088032,0.947539140509206
