,PA,MPA,MIOU,JACCARD,DICE
BRATS_050_0061,0.9906944444444444,0.9097571452573452,0.8790816904955292,0.9820696044035061,0.9319019184347606
