,PA,MPA,MIOU,JACCARD,DICE
BRATS_115_0058,0.9705902777777777,0.9467724731469956,0.7903597082907855,0.9511704099396262,0.8716519493154844
