,PA,MPA,MIOU,JACCARD,DICE
BRATS_046_0063,0.9910416666666667,0.9710835593789608,0.9210336665789347,0.9830273109650491,0.9575284636429868
