,PA,MPA,MIOU,JACCARD,DICE
BRATS_154_0051,0.9750173611111111,0.8618021042877941,0.7685994696847896,0.9562475936185147,0.8536720718897806
