,PA,MPA,MIOU,JACCARD,DICE
BRATS_033_0069,0.9702256944444444,0.8849369947329173,0.7632993191542481,0.9495387834670268,0.8501040256120482
