,PA,MPA,MIOU,JACCARD,DICE
BRATS_060_0059,0.9838368055555555,0.9328134999600624,0.8531030399705566,0.9706009782517157,0.9153896432316777
