,PA,MPA,MIOU,JACCARD,DICE
BRATS_006_0091,0.9614756944444445,0.8088218225646869,0.7747499218114302,0.9263481297376961,0.8607737583474742
