,PA,MPA,MIOU,JACCARD,DICE
BRATS_020_0072,0.9623958333333333,0.9034650803958248,0.8093591397242915,0.9331956392158561,0.8869779235167712
