,PA,MPA,MIOU,JACCARD,DICE
BRATS_064_0065,0.9728819444444444,0.801972773337339,0.7860696768260731,0.9466981252374208,0.8679910258688008
