,PA,MPA,MIOU,JACCARD,DICE
BRATS_082_0073,0.9934895833333334,0.9413929355979831,0.9370562178359716,0.987037333909662,0.966638575884208
