,PA,MPA,MIOU,JACCARD,DICE
BRATS_116_0063,0.9870138888888889,0.9291121525098878,0.9160373380918871,0.974396473177608,0.9547847999403074
