,PA,MPA,MIOU,JACCARD,DICE
BRATS_127_0079,0.99640625,0.9546090548941489,0.9426538909554256,0.9929058940443919,0.9696948493832972
