,PA,MPA,MIOU,JACCARD,DICE
BRATS_075_0055,0.9844965277777777,0.8547916415041166,0.836559851275618,0.9696974295163937,0.9039487280174534
