,PA,MPA,MIOU,JACCARD,DICE
BRATS_131_0052,0.9693055555555555,0.9835369437885253,0.7883934209223968,0.9505994902229622,0.8703137237107317
