,PA,MPA,MIOU,JACCARD,DICE
BRATS_040_0068,0.9949826388888889,0.9818910507565887,0.9539061049313162,0.9902553352206609,0.9759629127080881
