,PA,MPA,MIOU,JACCARD,DICE
BRATS_007_0097,0.9842881944444445,0.8947460694428153,0.8113528584986276,0.9718308475434984,0.8857490907613996
