,PA,MPA,MIOU,JACCARD,DICE
BRATS_014_0075,0.9826215277777778,0.8865418266178602,0.8561570074843494,0.9665325686591353,0.9175482241664348
