,PA,MPA,MIOU,JACCARD,DICE
BRATS_158_0060,0.9908680555555556,0.9264752727239143,0.8565365849286695,0.9832185040452321,0.9170744627181919
