,PA,MPA,MIOU,JACCARD,DICE
BRATS_104_0039,0.9857465277777778,0.9799641428676251,0.7639325247523749,0.9778159379899714,0.8479933168952364
